date,t_mean,precipitation,relative_humidity
2026-05-01,10.52,0.00,55.4
2026-05-02,13.35,14.73,72.3
2026-05-03,9.41,0.00,52.9
2026-05-04,9.09,0.00,62.5
2026-05-05,6.56,1.50,62.8
2026-05-06,9.84,0.00,50.0
2026-05-07,10.19,0.00,48.4
2026-05-08,11.00,0.00,47.2
2026-05-09,9.49,0.00,60.1
2026-05-10,7.51,0.00,48.7
2026-05-11,6.64,0.00,50.5
2026-05-12,7.70,0.00,53.9
2026-05-13,12.78,0.00,53.8
2026-05-14,10.94,0.00,51.2
2026-05-15,5.88,0.00,47.1
2026-05-16,5.39,0.00,57.1
2026-05-17,10.83,0.00,49.7
2026-05-18,13.03,0.04,52.9
2026-05-19,11.30,0.00,43.4
2026-05-20,8.73,0.00,54.1
2026-05-21,14.27,9.77,59.8
2026-05-22,12.03,0.84,50.2
2026-05-23,10.71,0.00,54.1
2026-05-24,12.82,0.00,49.0
2026-05-25,16.23,9.42,75.4
2026-05-26,10.17,0.00,56.3
2026-05-27,11.82,4.18,65.3
2026-05-28,11.77,0.00,47.8
2026-05-29,13.04,0.00,55.1
2026-05-30,13.63,0.00,50.5
2026-05-31,12.83,0.00,52.6
2026-06-01,15.60,0.00,50.1
2026-06-02,15.62,3.33,59.9
2026-06-03,16.07,0.00,47.2
2026-06-04,16.98,0.00,52.3
2026-06-05,19.21,0.00,48.5
2026-06-06,13.99,0.00,50.4
2026-06-07,15.98,1.10,47.5
2026-06-08,17.26,0.45,53.0
2026-06-09,20.18,0.00,48.1
2026-06-10,12.88,1.47,55.4
2026-06-11,14.80,0.82,49.1
2026-06-12,17.84,0.00,53.4
2026-06-13,15.58,0.56,54.0
2026-06-14,17.88,0.00,53.5
2026-06-15,20.03,0.00,49.7
2026-06-16,16.99,6.08,57.3
2026-06-17,17.25,10.96,60.0
2026-06-18,18.15,0.00,47.1
2026-06-19,16.40,0.00,51.0
2026-06-20,18.29,5.11,64.4
2026-06-21,15.79,0.00,51.4
2026-06-22,14.60,5.11,59.8
2026-06-23,16.17,0.00,50.6
2026-06-24,13.42,3.24,61.9
2026-06-25,14.27,0.00,56.8
2026-06-26,16.67,0.00,53.8
2026-06-27,16.90,4.26,59.0
2026-06-28,19.35,0.00,59.5
2026-06-29,18.63,0.00,49.7
2026-06-30,15.95,3.33,51.7
2026-07-01,19.45,0.00,48.4
2026-07-02,21.01,0.00,55.8
2026-07-03,20.70,0.00,50.2
2026-07-04,16.07,0.00,48.4
2026-07-05,20.36,0.00,49.1
2026-07-06,16.24,5.07,57.0
2026-07-07,18.29,0.00,51.8
2026-07-08,17.90,0.00,48.6
2026-07-09,14.38,0.00,59.6
2026-07-10,18.06,0.00,50.2
2026-07-11,18.65,0.00,54.3
2026-07-12,13.68,0.00,43.1
2026-07-13,15.81,0.00,60.3
2026-07-14,16.10,0.00,53.2
2026-07-15,20.73,0.00,52.1
2026-07-16,15.87,0.00,55.4
2026-07-17,20.43,0.00,44.9
2026-07-18,14.05,0.00,52.1
2026-07-19,17.81,0.00,57.6
2026-07-20,21.21,0.00,50.5
2026-07-21,18.14,4.96,56.1
2026-07-22,22.94,0.00,50.5
2026-07-23,19.55,5.06,55.3
2026-07-24,21.82,0.00,50.0
2026-07-25,21.46,0.00,51.4
2026-07-26,16.30,0.00,41.4
2026-07-27,17.40,2.33,58.1
2026-07-28,21.29,0.00,52.2
2026-07-29,18.53,0.00,50.0
2026-07-30,22.15,0.00,60.2
2026-07-31,23.59,3.25,61.3
2026-08-01,22.16,0.00,42.1
2026-08-02,17.53,9.49,63.1
2026-08-03,21.16,0.00,51.6
2026-08-04,23.64,0.00,50.1
2026-08-05,21.95,1.25,49.7
2026-08-06,22.11,0.00,48.9
2026-08-07,19.16,0.00,49.1
2026-08-08,19.70,0.00,56.0
2026-08-09,16.45,0.00,54.6
2026-08-10,21.42,7.29,59.2
2026-08-11,18.25,1.34,47.5
2026-08-12,20.52,0.00,50.5
2026-08-13,19.27,0.00,62.3
2026-08-14,15.88,0.00,52.9
2026-08-15,17.74,0.00,60.9
2026-08-16,21.84,0.00,45.1
2026-08-17,17.87,0.00,49.9
2026-08-18,13.70,0.00,52.3
2026-08-19,19.01,0.00,49.5
2026-08-20,18.75,0.00,52.9
2026-08-21,16.43,0.00,45.3
2026-08-22,17.52,0.00,50.2
2026-08-23,14.81,0.00,61.4
2026-08-24,18.51,2.29,57.0
2026-08-25,20.24,0.00,56.4
2026-08-26,13.22,0.00,41.8
2026-08-27,16.81,0.00,53.5
2026-08-28,14.81,0.00,44.0
2026-08-29,19.44,1.10,61.7
2026-08-30,17.50,0.00,63.6
2026-08-31,15.28,9.45,61.8
